{
  "project_info": {
    "project_number": "134169775382",
    "firebase_url": "https://nt3project.firebaseio.com",
    "project_id": "nt3project",
    "storage_bucket": "nt3project.appspot.com"
  },
  "client": [
    {
      "client_info": {
        "mobilesdk_app_id": "1:134169775382:android:c21ed2cc3ef81a9fa8d437",
        "android_client_info": {
          "package_name": "com.nectarinfotel"
        }
      },
      "oauth_client": [
        {
          "client_id": "134169775382-84m5pe7bnfbn7ann3ika5jp1edqgl9m1.apps.googleusercontent.com",
          "client_type": 3
        }
      ],
      "api_key": [
        {
          "current_key": "AIzaSyC8nsNfHgUZE8g9r-66yLuv50K80DKliN8"
        }
      ],
      "services": {
        "appinvite_service": {
          "other_platform_oauth_client": [
            {
              "client_id": "134169775382-84m5pe7bnfbn7ann3ika5jp1edqgl9m1.apps.googleusercontent.com",
              "client_type": 3
            }
          ]
        }
      }
    }
  ],
  "configuration_version": "1"
}